"Schema: HCRIS TABLE: STRONG_DATA_2013","----------"," Entity 572851"," Report G000000 ","-------------","-------------","-----------",""
"","","General","Purpose","Endowment","Plant",""
"","Assets","Fund","Fund","Fund","Fund",""
"","(Omit cents)","1","2","3","4",""
"","CURRENT ASSETS","","","","",""
"1"," Cash on hand and in banks","","","","","1"
"2"," Temporary investments","","","","","2"
"3"," Notes receivable","","","","","3"
"4"," Accounts receivable","","","","","4"
"5"," Other receivables","","","","","5"
"6"," Allowances for uncollectible notes and","","","","","6"
""," accounts receivable","","","","",""
"7"," Inventory","","","","","7"
"8"," Prepaid expenses","","","","","8"
"9"," Other current assets","","","","","9"
"10"," Due from other funds","","","","","10"
"11"," Total current assets (sum of lines 1-10)","","","","","11"
"","FIXED ASSETS","","","","",""
"12"," Land ","","","","","12"
"13"," Land improvements","","","","","13"
"14","    Accumulated depreciation ","","","","","14"
"15"," Buildings","","","","","15"
"16","    Accumulated depreciation ","","","","","16"
"17"," Leasehold improvements ","","","","","17"
"18","    Accumulated depreciation ","","","","","18"
"19"," Fixed equipment ","","","","","19"
"20","    Accumulated depreciation ","","","","","20"
"21"," Automobiles and trucks ","","","","","21"
"22","    Accumulated depreciation ","","","","","22"
"23"," Major movable equipment ","","","","","23"
"24","    Accumulated depreciation ","","","","","24"
"25"," Minor equipment depreciable ","","","","","25"
"26","    Accumulated depreciation ","","","","","26"
"27"," HIT designated Assets","","","","","27"
"28","    Accumulated depreciation ","","","","","28"
"29"," Minor equipment-nondepreciable ","","","","","29"
"30"," Total fixed assets (sum of lines 12-29)","","","","","30"
"","OTHER ASSETS","","","","",""
"31"," Investments","","","","","31"
"32"," Deposits on leases","","","","","32"
"33"," Due from owners/officers","","","","","33"
"34"," Other assets","","","","","34"
"35"," Total other assets (sum of lines 31-34)","","","","","35"
"36","\" Total assets (sum of lines 11"," 30"," and 35)\"","","","","","36"
"","","","","","",""
"","","","Specific","","",""
"","Liabilities and Fund","General","Purpose","Endowment","Plant",""
"","Balances","Fund","Fund","Fund","Fund",""
"","(Omit cents)","1","2","3","4",""
"","CURRENT LIABILITIES","","","","",""
"37"," Accounts payable","","","","","37"
"38","\" Salaries"," wages"," and fees payable\"","","","","","38"
"39"," Payroll taxes payable","","","","","39"
"40"," Notes and loans payable (short term)","","","","","40"
"41"," Deferred income","","","","","41"
"42"," Accelerated payments","","","","","42"
"43"," Due to other funds","","","","","43"
"44"," Other current liabilities","","","","","44"
"45"," Total current liabilities (sum of","","","","","45"
""," lines 37 thru 44)","","","","",""
"","","","","","",""
"","LONG TERM LIABILITIES","","","","",""
"46"," Mortgage payable","","","","","46"
"47"," Notes payable","","","","","47"
"48"," Unsecured loans","","","","","48"
"49"," Other long term liabilities","","","","","49"
"50"," Total long term liabilities (sum of","","","","","50"
""," lines 46 thru 49)","","","","",""
"51"," Total liabilities (sum of lines 45 and 50)","","","","","51"
"","","","","","",""
"","CAPITAL ACCOUNTS","","","","",""
"52"," General fund balance","","","","","52"
"53"," Specific purpose fund","","","","","53"
"54"," Donor created - endowment fund","","","","","54"
""," balance - restricted","","","","",""
"55"," Donor created - endowment fund","","","","","55"
""," balance - unrestricted","","","","",""
"56"," Governing body created - endowment","","","","","56"
""," fund balance","","","","",""
"57"," Plant fund balance - invested in plant","","","","","57"
"58"," Plant fund balance - reserve for plant","","","","","58"
"","\" improvement"," replacement"," and expansion\"","","","","",""
"59"," Total fund balances (sum of lines 52 thru 58)","","","","","59"
"60"," Total liabilities and fund balances (sum of","","","","","60"
""," lines 51 and 59)","","","","",""
"Entity[572851] Report(G000000)", ,"Entity[572851] Report(G000000[00100])"
"Line(00100)", ,"30447"
"Line(00400)", ,"299929902"
"Line(00500)", ,"374424557"
"Line(00600)", ,"-139331249"
"Line(00700)", ,"7426486"
"Line(00800)", ,"1572005"
"Line(01100)", ,"544052148"
"Line(01200)", ,"10647034"
"Line(01300)", ,"7089181"
"Line(01500)", ,"682252622"
"Line(01600)", ,"-441630804"
"Line(01700)", ,"13658120"
"Line(02300)", ,"325181561"
"Line(02400)", ,"-3835786"
"Line(02900)", ,"76437"
"Line(03000)", ,"593438365"
"Line(03100)", ,"1953863143"
"Line(03400)", ,"1342123"
"Line(03500)", ,"1955205266"
"Line(03600)", ,"2147483647"
"Line(03700)", ,"6523948"
"Line(04000)", ,"10842083"
"Line(04300)", ,"63631416"
"Line(04400)", ,"815014"
"Line(04500)", ,"81812461"
"Line(04900)", ,"8684522"
"Line(05000)", ,"8684522"
"Line(05100)", ,"90496983"
"Line(05200)", ,"2147483647"
"Line(05900)", ,"2147483647"
"----------------","----------------","----------------","----------------","----------------","----------------"
"----------------","----------------","----------------","----------------","----------------","----------------"
 , , , , , 
 , , , , , 
"Schema: HCRIS TABLE: STRONG_DATA_2013","----------"," Entity 572851"," Report G100000 ","-------------","-------------","-----------",""
"","","1","2","3","4","5","6","7","8",""
"1"," Fund balances at beginning of period","","","","","","","","","1"
"2","\" Net income (loss) (from Worksheet G-3"," line 29)\"","","","","","","","","","2"
"3"," Total (sum of line 1 and line 2)","","","","","","","","","3"
"4"," Additions (credit adjustments) (specify)","","","","","","","","","4"
"5","","","","","","","","","","5"
"6","","","","","","","","","","6"
"7","","","","","","","","","","7"
"8","","","","","","","","","","8"
"9","","","","","","","","","","9"
"10"," Total additions (sum of lines 4-9)","","","","","","","","","10"
"11"," Subtotal (line 3 plus line 10)","","","","","","","","","11"
"12"," Deductions (debit adjustments) (specify)","","","","","","","","","12"
"13","","","","","","","","","","13"
"14","","","","","","","","","","14"
"15","","","","","","","","","","15"
"16","","","","","","","","","","16"
"17","","","","","","","","","","17"
"18"," Total deductions (sum of lines 12-17)","","","","","","","","","18"
"19"," Fund balance at end of period per balance","","","","","","","","","19"
""," sheet (line 11 minus line 18)","","","","","","","","",""
"Entity[572851] Report(G100000)","Entity[572851] Report(G100000[00000])","Entity[572851] Report(G100000[00100])","Entity[572851] Report(G100000[00200])"
"Line(00100)", , ,"2147483647"
"Line(00200)", , ,"324302322"
"Line(00300)", , ,"2147483647"
"Line(00500)","DONATION OF EQUIPMENT","1158786"
"Line(00600)","GRANTS","510103"
"Line(00700)","OTHER","841481"
"Line(01000)", , ,"2510370"
"Line(01100)", , ,"2147483647"
"Line(01300)","TRANSFER ASSETS MED AIR","36706062"
"Line(01400)","TRANSFER","731250"
"Line(01500)","OTHER","2280359"
"Line(01800)", , ,"39717671"
"----------------","----------------","----------------","----------------","----------------","----------------"
"----------------","----------------","----------------","----------------","----------------","----------------"
 , , , , , 
 , , , , , 
"Schema: HCRIS TABLE: STRONG_DATA_2013","----------"," Entity 572851"," Report G200000 ","-------------","-------------","-----------",""
"","","","","","",""
"","","","INPATIENT","OUTPATIENT"," TOTAL",""
"","REVENUE CENTER","","1","2","3",""
"","GENERAL INPATIENT ROUTINE CARE SERVICES","","","","",""
"1"," Hospital","","","","","1"
"2"," Subprovider IPF","","","","","2"
"3"," Subprovider IRF","","","","","3"
"4"," Subprovider  (Other)","","","","","4"
"5"," Swing bed - SNF","","","","","5"
"6"," Swing bed - NF","","","","","6"
"7"," Skilled nursing facility","","","","","7"
"8"," Nursing facility","","","","","8"
"9"," Other long term care","","","","","9"
"10"," Total general inpatient care services (sum of lines 1-9)","","","","","10"
"","INTENSIVE CARE TYPE INPATIENT HOSPITAL SERVICES","","","","",""
"11"," Intensive care unit","","","","","11"
"12"," Coronary care unit","","","","","12"
"13"," Burn intensive care unit","","","","","13"
"14"," Surgical intensive care unit","","","","","14"
"15"," Other special care (specify)","","","","","15"
"16"," Total intensive care type inpatient hospital services (sum of","","","","","16"
""," of lines 11-15)","","","","",""
"17"," Total inpatient routine care services (sum of lines 10 and 16)","","","","","17"
"18"," Ancillary services","","","","","18"
"19"," Outpatient services","","","","","19"
"20"," Rural Health Clinic (RHC)","","","","","20"
"21"," Federally Qualified Health Center (FQHC)","","","","","21"
"22"," Home health agency","","","","","22"
"23"," Ambulance","","","","","23"
"24"," Outpatient rehabilitation providers","","","","","24"
"25"," ASC","","","","","25"
"26"," Hospice","","","","","26"
"27"," Other (specify)","","","","","27"
"28"," Total patient revenues (sum of lines 17-27) (transfer column 3 to","","","","","28"
"","\" Worksheet G-3"," line 1)\"","","","","",""
"","","","","","",""
"","PART II - OPERATING EXPENSES","","","","",""
"","","","","1","2",""
"29","\" Operating expenses (per Wkst. A"," column 3"," line 200)\"","","","","","29"
"30"," Add (specify)","","","","","30"
"31","","","","","","31"
"32","","","","","","32"
"33","","","","","","33"
"34","","","","","","34"
"35","","","","","","35"
"36"," Total additions (sum of lines 30-35)","","","","","36"
"37"," Deduct (specify)","","","","","37"
"38","","","","","","38"
"39","","","","","","39"
"40","","","","","","40"
"41","","","","","","41"
"42"," Total deductions (sum of lines 37-41)","","","","","42"
"43","\" Total operating expenses (sum of lines 29 and 36 minus line 42) (transfer to Worksheet G-3"," line 4)\"","","","","","43"
"Entity[572851] Report(G200000)","Entity[572851] Report(G200000[00000])","Entity[572851] Report(G200000[00100])","Entity[572851] Report(G200000[00200])","Entity[572851] Report(G200000[00300])"
"Line(00100)", ,"442649993", ,"442649993"
"Line(00200)", ,"44347631", ,"44347631"
"Line(00300)", ,"5907555", ,"5907555"
"Line(01000)", ,"492905179", ,"492905179"
"Line(01100)", ,"54475552", ,"54475552"
"Line(01101)", ,"67642484", ,"67642484"
"Line(01200)", ,"23510338", ,"23510338"
"Line(01201)", ,"12990151", ,"12990151"
"Line(01401)", ,"45712165", ,"45712165"
"Line(01402)", ,"47545993", ,"47545993"
"Line(01403)", ,"16168348", ,"16168348"
"Line(01404)", ,"26430656", ,"26430656"
"Line(01405)", ,"1548287", ,"1548287"
"Line(01406)", ,"14823603", ,"14823603"
"Line(01407)", ,"26755690", ,"26755690"
"Line(01600)", ,"337603267", ,"337603267"
"Line(01700)", ,"830508446", ,"830508446"
"Line(01800)", ,"1647371961","1370428210","2147483647"
"Line(01900)", ,"226023296","675702544","901725840"
"Line(02300)", , ,"75769842","75769842"
"Line(02700)","OTHER PROFESSIONAL FEES","10276623","19130669","29407292"
"Line(02701)","UNLOCATED DIFFERENCE","2059894","34498254","36558148"
"Line(02800)", ,"2147483647","2147483647","2147483647"
"Line(02900)", , ,"1614319312"
"Line(03800)","INTERCO/INTERFACILITY REVENUE","102073784"
"Line(03900)","ORGAN/TISSUE REVENUE","6188659"
"Line(04200)", , ,"108262443"
"----------------","----------------","----------------","----------------","----------------","----------------"
"----------------","----------------","----------------","----------------","----------------","----------------"
 , , , , , 
 , , , , , 
"Schema: HCRIS TABLE: STRONG_DATA_2013","----------"," Entity 572851"," Report G300000 ","-------------","-------------","-----------",""
"","","","","",""
"","Description","","","",""
"1","\" Total patient revenues (from Worksheet G-2"," Part I"," column 3"," line 28)\"","","","","1"
"2"," Less contractual allowances and discounts on patients' accounts","","","","2"
"3"," Net patient revenues (line 1 minus line 2)","","","","3"
"4","\" Less total operating expenses (from Worksheet G-2"," Part II"," line 43)\"","","","","4"
"5"," Net income from service to patients (line 3 minus line 4)","","","","5"
"","","","","",""
""," OTHER INCOME","","","",""
"","","","","",""
"6","\" Contributions"," donations"," bequests"," etc\"","","","","6"
"7"," Income from investments","","","","7"
"8"," Revenues from telephone and telegraph service","","","","8"
"9"," Revenue from television and radio service","","","","9"
"10"," Purchase discounts","","","","10"
"11"," Rebates and refunds of expenses","","","","11"
"12"," Parking lot receipts","","","","12"
"13"," Revenue from laundry and linen service","","","","13"
"14"," Revenue from meals sold to employees and guests","","","","14"
"15"," Revenue from rental of living quarters","","","","15"
"16"," Revenue from sale of medical and surgical supplies to other than patients","","","","16"
"17"," Revenue from sale of drugs to other than patients","","","","17"
"18"," Revenue from sale of medical records and abstracts","","","","18"
"19","\" Tuition (fees"," sale of textbooks"," uniforms"," etc.)\"","","","","19"
"20","\" Revenue from gifts"," flowers"," coffee shops"," and canteen\"","","","","20"
"21"," Rental of vending machines","","","","21"
"22"," Rental of hospital space","","","","22"
"23"," Governmental appropriations","","","","23"
"24"," Other (specify)","","","","24"
"25"," Total other income (sum of lines 6-24)","","","","25"
"26"," Total (line 5 plus line 25)","","","","26"
"27"," Other expenses (specify)","","","","27"
"28"," Total other expenses (sum of line 27 and subscripts)","","","","28"
"29"," Net income (or loss) for the period (line 26 minus line 28)","","","","29"
"Entity[572851] Report(G300000)","Entity[572851] Report(G300000[00000])","Entity[572851] Report(G300000[00100])"
"Line(00100)", ,"2147483647"
"Line(00200)", ,"2147483647"
"Line(00300)", ,"1522596579"
"Line(00400)", ,"1506056869"
"Line(00500)", ,"16539710"
"Line(00600)", ,"54025886"
"Line(00700)", ,"217498403"
"Line(01000)", ,"4971791"
"Line(01200)", ,"484029"
"Line(01400)", ,"7418415"
"Line(01500)", ,"179068"
"Line(01700)", ,"2893429"
"Line(01800)", ,"176948"
"Line(01900)", ,"3129895"
"Line(02000)", ,"82970"
"Line(02300)", ,"101209"
"Line(02400)","OTHER - CONTRACT REVENUE","656009"
"Line(02401)","EDUCATION AND RESEARCH","135377"
"Line(02402)","FITNESS PROGRAM REVENUE","214556"
"Line(02403)","MISC PROGRAM REVENUE","146800"
"Line(02404)","PHYSICIAN SERVICES"
"Line(02410)","RADIOLOGY JOINT VENTURE REV","761159"
"Line(02411)","ACTIVITY & APPLICATION FEES","909321"
"Line(02412)","REFERENCE LAB REVENUE","910070"
"Line(02414)","SEMINARS & EDUC PROGRAMS","2797957"
"Line(02415)","EXTERNAL TRANSPORT REVENUE","2962527"
"Line(02416)","MISC. OTHER","4001894"
"Line(02418)","AFFILIATE SUPPORT SERVICES","3305077"
"Line(02500)", ,"307762790"
"Line(02600)", ,"324302500"
"Line(02700)","OTHER MISC EXPENSES","178"
"Line(02800)", ,"178"
"----------------","----------------","----------------","----------------","----------------","----------------"
"----------------","----------------","----------------","----------------","----------------","----------------"
 , , , , , 
 , , , , , 